{
  "version": 1,
  "author": "Ilham Zaky",
  "editor": "wokwi",
  "parts": [
    { "type": "wokwi-arduino-uno", "id": "uno", "top": 67.8, "left": -10.2, "attrs": {} },
    { "type": "wokwi-led", "id": "led1", "top": -99.6, "left": 42.2, "attrs": { "color": "red" } },
    {
      "type": "wokwi-led",
      "id": "led2",
      "top": -99.6,
      "left": 99.8,
      "attrs": { "color": "orange" }
    },
    {
      "type": "wokwi-led",
      "id": "led3",
      "top": -99.6,
      "left": 157.4,
      "attrs": { "color": "yellow" }
    },
    {
      "type": "wokwi-resistor",
      "id": "r1",
      "top": -14.4,
      "left": 37.85,
      "rotate": 90,
      "attrs": { "value": "1000" }
    },
    {
      "type": "wokwi-resistor",
      "id": "r2",
      "top": -14.4,
      "left": 95.45,
      "rotate": 90,
      "attrs": { "value": "1000" }
    },
    {
      "type": "wokwi-resistor",
      "id": "r3",
      "top": -14.4,
      "left": 153.05,
      "rotate": 90,
      "attrs": { "value": "1000" }
    },
    { "type": "wokwi-hc-sr04", "id": "ultrasonic1", "top": -132.9, "left": 226.3, "attrs": {} }
  ],
  "connections": [
    [ "led1:C", "uno:GND.1", "black", [ "v115.2", "h48.4" ] ],
    [ "led2:C", "uno:GND.1", "black", [ "v115.2", "h-9.2" ] ],
    [ "led3:C", "uno:GND.1", "black", [ "v115.2", "h-66.8" ] ],
    [ "led1:A", "r1:1", "green", [ "v0" ] ],
    [ "r1:2", "uno:13", "green", [ "h0", "v27.6", "h48" ] ],
    [ "led2:A", "r2:1", "green", [ "v0" ] ],
    [ "r2:2", "uno:12", "green", [ "h0" ] ],
    [ "led3:A", "r3:1", "green", [ "v28.8" ] ],
    [ "r3:2", "uno:11", "green", [ "h0", "v27.6", "h-48" ] ],
    [ "ultrasonic1:VCC", "uno:5V", "red", [ "v316.8", "h-144" ] ],
    [ "ultrasonic1:GND", "uno:GND.2", "black", [ "v326.4", "h-164.4" ] ],
    [ "ultrasonic1:TRIG", "uno:10", "green", [ "v67.2", "h-163.6" ] ],
    [ "ultrasonic1:ECHO", "uno:9", "green", [ "v76.8", "h-164" ] ]
  ],
  "dependencies": {}
}